{"Bayview Hunters Point": 90.07352941176471, "Bernal Heights": 91.14285714285714, "Castro/Upper Market": 91.31168831168831, "Chinatown": 87.20359281437126, "Excelsior": 88.0, "Financial District/South Beach": 90.53995157384988, "Glen Park": 92.63157894736842, "Golden Gate Park": 90.5, "Haight Ashbury": 90.3921568627451, "Hayes Valley": 90.0813953488372, "Inner Richmond": 86.06410256410257, "Inner Sunset": 91.6046511627907, "Japantown": 89.38709677419355, "Lakeshore": 92.32608695652173, "Lincoln Park": 82.0, "Lone Mountain/USF": 93.08333333333333, "Marina": 90.28571428571429, "McLaren Park": 97.0, "Mission": 88.08445945945945, "Mission Bay": 91.0, "Nob Hill": 92.53333333333333, "Noe Valley": 90.04545454545455, "North Beach": 92.48387096774194, "Oceanview/Merced/Ingleside": 93.375, "Outer Mission": 88.08571428571429, "Outer Richmond": 86.82692307692308, "Pacific Heights": 90.74025974025975, "Portola": 85.14814814814815, "Potrero Hill": 91.38095238095238, "Presidio": 90.0, "Presidio Heights": 91.44, "Russian Hill": 91.71212121212122, "Seacliff": 100.0, "South of Market": 90.13496932515338, "Sunset/Parkside": 90.4342105263158, "Tenderloin": 90.5505617977528, "Treasure Island": 87.0, "Twin Peaks": 96.0, "Visitacion Valley": 86.83333333333333, "West of Twin Peaks": 91.46551724137932, "Western Addition": 91.13725490196079}